x,observed_y,predicted_y,residual
1.0,2.0,1.369511,0.630489
1.0,4.0,1.369511,2.630489
2.0,1.0,2.27808,-1.27808
2010.0,4.0,4.000006,-6e-06
4.0,4.1,4.092507,0.007493
1.1,1.0,1.460409,-0.460409
6.0,6.0,5.903319,0.096681
1.0,2.0,1.369511,0.630489
2.1,1.0,2.368887,-1.368887
2.2,2.0,2.459686,-0.459686
2.3,2.0,2.550475,-0.550475
1.0,1.0,1.369511,-0.369511
6.0,6.0,5.903319,0.096681
9.0,9.0,8.61276,0.38724
4.0,4.1,4.092507,0.007493
