rank,substance,sample_count,concentration_count,min_concentration_ppm,max_concentration_ppm,separation_ratio,spearman_abs_pc1_concentration,train_mae_ppm,loo_mae_ppm,leave_one_concentration_mae_ppm,train_r2,quality_score
1,工业碱,7,7,0.0,11.8,129290666971.88832,0.892857,1.570626,3.909871,3.909871,0.518703,0.899436
2,硫酸铝钾,6,6,0.0,5.0,66459777059.944115,0.885714,0.681665,1.209778,1.209778,0.61303,0.742805
3,组胺,10,5,0.0,100.0,21.175728,0.984732,2.429538,4.183573,15.080403,0.993728,0.639135
4,溴酸钾,10,5,0.0,100.0,66.505876,0.984732,1.561983,3.054742,22.688144,0.997509,0.636622
5,奶中尿素,15,6,0.0,2000.0,3.448139,0.897659,226.706865,500.335856,617.356872,0.852067,0.352225
