x,observed_y,predicted_y,residual
4.0,5.0,7.977719,-2.977719
1.0,7.0,7.508529,-0.508529
2.0,8.0,7.699362,0.300638
3.0,9.0,7.855759,1.144241
4.0,10.0,7.977719,2.022281
11.0,7.8,7.867221,-0.067221
12.0,7.8,7.71369,0.08631
