option,unit_value,decision,objective_contribution
x1,2.298899,0.0,0.0
x2,3.014325,0.0,0.0
x3,2.352711,0.0,0.0
x4,15.265458,1.569817,23.96398
