x,observed_y,predicted_y,residual
1.0,2.0,3.38314,-1.38314
1.0,1.0,3.38314,-2.38314
1.0,2.0,3.38314,-1.38314
1.0,8.0,3.38314,4.61686
2011.0,8.0,8.000003,-3e-06
1.1,8.0,3.429234,4.570766
1.0,1.0,3.38314,-2.38314
6.0,6.0,5.682252,0.317748
6.0,6.0,5.682252,0.317748
3.0,3.0,4.304154,-1.304154
6.0,6.0,5.682252,0.317748
3.0,3.0,4.304154,-1.304154
