option,unit_value,decision,objective_contribution
x1,10.788136,0.0,0.0
x2,8.988579,0.0,0.0
x3,5.660977,0.434656,2.460576
x4,8.569577,0.0,0.0
x5,8.075323,0.0,0.0
x6,11.040006,2.577869,28.459687
