frequency_bin,amplitude
4,79.250131
3,2.924319
32,2.69274
11,2.588244
5,2.44502
46,2.326202
23,2.321288
9,2.302246
