frequency_bin,amplitude
1,2015.303575
4,2014.619473
7,2014.522313
10,2014.4838
13,2014.463312
16,2014.450696
19,2014.442216
22,2014.436175
