option,unit_value,decision,objective_contribution
x1,4385.167516,6.924218,30363.855306
x2,19.856231,0.0,0.0
x3,1693.263123,0.0,0.0
x4,1.061968,0.0,0.0
