option,unit_value,decision,objective_contribution
x1,1.234566,0.0,0.0
x2,1.397045,0.0,0.0
x3,1.551245,0.0,0.0
x4,1.999124,2.327846,4.653652
