sheet,point_count,tilt_angle_deg,left_angle_deg,right_angle_deg,included_angle_deg,corner_x,corner_z
1-3-1,19741,-55.617499,36.663242,-76.266948,112.93019,3.180504,2.820426
1-3-2,25262,-43.54353,15.031046,-75.538646,90.569692,4.061899,2.309523
1-3-3,24869,-23.62103,19.106106,27.741858,8.635752,2.587255,-0.363049
2-3-1,20918,-43.061416,4.337776,-74.70509,79.042866,3.393541,1.441917
2-3-2,23996,-25.0172,18.461151,29.501664,11.040513,2.453242,-0.47183
2-3-3,23109,-25.085522,16.678778,31.892905,15.214127,2.307644,-0.557173
3-3-1,17904,-43.388658,4.353044,-73.610789,77.963834,2.908299,1.037763
3-3-2,24782,-28.997793,-7.501918,-63.460682,55.958764,4.005067,0.690741
3-3-3,24215,-22.163991,18.464938,30.491429,12.026491,2.523321,-0.391298
