sheet,point_count,tilt_angle_deg,radius,center_x,center_z,circle_mse
1-2-1,61394,9.123311,7.534998,6.262484,5.606787,0.067857118
1-2-2,62667,9.122216,7.721989,6.342479,5.801083,0.075004822
1-2-3,64495,9.11806,7.999478,6.582269,6.086817,0.092140705
2-2-1,61848,9.125213,7.536877,6.35812,5.583265,0.073498338
2-2-2,57910,9.127948,6.986378,5.905514,5.014494,0.043069928
2-2-3,59139,9.126051,7.154404,6.046819,5.185849,0.051661122
3-2-1,58005,9.000848,7.019359,6.09747,5.049217,0.057793583
3-2-2,61485,9.159529,7.463959,6.347623,5.495503,0.072338531
3-2-3,61742,9.16314,7.491672,6.173709,5.526431,0.064286228
