age_group,age_mid,employee_count,average_monthly_wage,contribution_index
20-24岁职工数,22.0,282,1726.450355,0.669236
25-29岁职工数,27.0,263,2076.496198,0.804927
30-34岁职工数,32.0,242,2534.623967,0.982514
35-39岁职工数,37.0,226,2751.716814,1.066668
40-44岁职工数,42.0,221,3025.524887,1.172806
45-49岁职工数,47.0,194,3267.551546,1.266624
50-54岁职工数,52.0,135,3118.02963,1.208664
55-59岁职工数,57.0,101,2979.69802,1.155042
