option,unit_value,decision,objective_contribution
x1,1.288121,0.0,0.0
x2,1.810089,0.0,0.0
x3,2.435581,0.0,0.0
x4,28.760883,2.736529,78.705003
