x,observed_y,predicted_y,residual
10000.0,114.0,113.999187,0.000813
2.0,9.0,7.00208,1.99792
9.0,9.0,6.992055,2.007945
2014.0,9.0,9.020133,-0.020133
9.0,9.0,6.992055,2.007945
1.1,9.0,7.003377,1.996623
6.0,6.0,6.996337,-0.996337
2.0,2.0,7.00208,-5.00208
3.0,3.0,7.00064,-4.00064
9.0,9.0,6.992055,2.007945
