pollutant,national_mean,self_mean,mean_bias_self_minus_national,mae_before_calibration,rmse_before_calibration,correlation,national_p95,self_p95
PM2.5,55.915639,72.318418,16.402779,18.177565,22.432018,0.922764,124.0,151.927273
PM10,82.854484,122.33962,39.485136,50.567772,69.211634,0.651075,169.0,281.390909
CO,1.113555,0.611667,-0.501888,0.549171,0.679072,0.360394,1.9936,1.003664
NO2,32.636693,57.759216,25.122523,29.829247,37.17469,0.422876,82.0,103.271186
SO2,22.322456,16.466077,-5.856379,12.863921,26.233744,0.044021,67.2,17.731818
O3,55.118685,68.061158,12.942473,36.624861,45.665513,0.452862,157.0,121.511246
