option,unit_value,decision,objective_contribution
x1,10.274153,2.815085,28.922615
x2,5.438003,0.0,0.0
x3,9.938037,0.0,0.0
x4,9.20047,0.722775,6.64987
x5,5.776764,0.0,0.0
x6,5.919933,0.0,0.0
