option,unit_value,decision,objective_contribution
x1,11.839378,0.0,0.0
x2,8.52384,0.0,0.0
x3,9.445386,0.0,0.0
x4,4.856938,0.0,0.0
x5,9.40205,0.82942,7.798245
x6,11.647786,2.032223,23.670899
