option,unit_value,decision,objective_contribution
x1,1.216521,0.0,0.0
x2,1.357385,0.0,0.0
x3,2.903727,0.0,0.0
x4,3.03619,2.436051,7.396316
