option,unit_value,decision,objective_contribution
x1,1.155744,0.0,0.0
x2,1.500638,0.0,0.0
x3,2.660304,2.315599,6.160197
x4,2.514598,0.0,0.0
