option,unit_value,decision,objective_contribution
x1,3.849298,4.547903,17.506231
x2,2.312026,0.0,0.0
x3,3.451016,0.0,0.0
x4,5.40301,0.0,0.0
