option,unit_value,decision,objective_contribution
x1,6.19892,0.0,0.0
x2,2.72751,0.0,0.0
x3,1.482461,0.0,0.0
x4,12.92961,7.708333,99.665749
