option,score,rank
1,0.0,8
2,0.735725,2
3,1.0,1
4,0.603843,3
5,0.21299,6
6,0.603843,4
7,0.603843,5
8,0.21299,7
