option,unit_value,decision,objective_contribution
x1,5.981876,0.0,0.0
x2,7.642502,1.298069,9.920494
x3,6.693899,0.444951,2.978456
x4,8.252656,1.640229,13.536249
x5,4.430085,0.0,0.0
x6,6.735834,0.0,0.0
