option,unit_value,decision,objective_contribution
x1,2.634771,3.214215,8.468721
x2,2.480842,0.0,0.0
x3,2.44899,0.0,0.0
x4,2.284062,0.0,0.0
