option,unit_value,decision,objective_contribution
x1,7.842673,0.0,0.0
x2,11.150141,2.388079,26.627415
x3,8.013071,0.0,0.0
x4,11.92027,0.0,0.0
x5,11.287333,0.0,0.0
x6,11.186371,0.938812,10.501897
