No,predicted_OP,confidence
3,6,0.843333
14,1,0.74
38,4,0.93
48,6,0.37
58,10,0.276667
71,6,0.483333
79,9,0.873333
86,11,0.513333
89,3,0.893333
110,4,0.91
134,9,0.87
152,2,0.676667
227,5,0.806667
331,8,0.82
618,3,0.9
