option,unit_value,decision,objective_contribution
x1,1.235401,0.0,0.0
x2,1.403067,0.0,0.0
x3,1.559808,0.0,0.0
x4,2.172482,2.268988,4.929336
