option,unit_value,decision,objective_contribution
x1,11.493248,1.102447,12.670694
x2,8.699652,0.0,0.0
x3,4.718279,0.0,0.0
x4,7.455607,0.0,0.0
x5,11.652778,1.764316,20.559183
x6,6.920535,0.466523,3.228586
