option,unit_value,decision,objective_contribution
x1,1.054452,0.0,0.0
x2,1.020004,0.0,0.0
x3,2.739663,0.0,0.0
x4,50.939332,1.253597,63.857395
