x,observed_y,predicted_y,residual
1.0,2.0,1.440433,0.559567
1.0,4.0,1.440433,2.559567
2.0,1.0,2.33458,-1.33458
2010.0,4.0,4.000007,-7e-06
4.0,4.1,4.120205,-0.020205
1.1,1.0,1.529888,-0.529888
6.0,6.0,5.902274,0.097726
1.0,2.0,1.440433,0.559567
2.1,1.0,2.423946,-1.423946
2.2,2.0,2.513303,-0.513303
2.3,2.0,2.602651,-0.602651
1.0,1.0,1.440433,-0.440433
6.0,6.0,5.902274,0.097726
9.0,9.0,8.568706,0.431294
1.0,2.0,1.440433,0.559567
