option,unit_value,decision,objective_contribution
x1,1.818135,0.0,0.0
x2,1.819626,0.0,0.0
x3,1.793597,0.0,0.0
x4,2.858464,2.127804,6.082251
