option,unit_value,decision,objective_contribution
x1,1.222531,0.0,0.0
x2,1.50581,0.0,0.0
x3,1.672531,2.336341,3.907602
x4,1.587678,0.0,0.0
