option,unit_value,decision,objective_contribution
x1,1.260236,0.0,0.0
x2,1.262086,0.0,0.0
x3,1.549902,0.0,0.0
x4,1.775343,2.891141,5.132766
