option,unit_value,decision,objective_contribution
x1,1.204257,0.0,0.0
x2,1.615544,0.0,0.0
x3,1.99223,2.179714,4.342493
x4,1.538036,0.0,0.0
