option,unit_value,decision,objective_contribution
x1,1.215824,0.0,0.0
x2,1.362108,0.0,0.0
x3,2.983657,2.429282,7.248143
x4,2.962872,0.0,0.0
