option,unit_value,decision,objective_contribution
x1,1.868732,0.0,0.0
x2,1.840695,0.0,0.0
x3,1.74941,0.0,0.0
x4,2.836004,2.053982,5.825101
