option,unit_value,decision,objective_contribution
x1,2.55005,0.0,0.0
x2,2.580711,0.0,0.0
x3,5.062019,0.0,0.0
x4,7.770032,4.407576,34.247005
