option,unit_value,decision,objective_contribution
x1,7.540524,0.0,0.0
x2,6.381502,0.0,0.0
x3,8.070667,2.835087,22.881043
x4,9.837914,0.0,0.0
x5,7.474481,0.674082,5.038416
x6,4.358957,0.0,0.0
