option,score,rank
1,0.736008,1
2,0.30208,2
3,0.264477,4
4,0.121548,6
5,0.30208,3
6,0.174384,5
7,0.0,7
