option,unit_value,decision,objective_contribution
x1,6.365519,0.0,0.0
x2,4.66598,0.0,0.0
x3,4.722541,0.0,0.0
x4,5.385095,2.83567,15.270353
x5,9.342683,1.358411,12.691202
x6,6.74024,0.0,0.0
