x,observed_y,predicted_y,residual
124.0,20.0,16.217109,3.782891
1.0,1.0,27.510788,-26.510788
2.0,2.0,27.413899,-25.413899
3.0,270.0,27.317092,242.682908
2016.0,1.0,0.970425,0.029575
1.0,15.0,27.510788,-12.510788
1.1,1.0,27.501096,-26.501096
6.0,6.0,27.027171,-21.027171
7.0,7.0,26.930696,-19.930696
2.0,4.0,27.413899,-23.413899
2.1,2.0,27.404214,-25.404214
1.0,1.0,27.510788,-26.510788
270.0,2.0,4.444154,-2.444154
3.0,3.0,27.317092,-24.317092
1.0,15.0,27.510788,-12.510788
