point_id,x,y,distance_to_fit_center
1,-0.304638,-0.939336,2.171823
2,-0.304638,-1.315071,2.352062
3,-0.304638,-0.939336,2.171823
4,-0.304638,1.315071,2.398743
5,3.316602,1.315071,2.131386
6,-0.304457,1.315071,2.398595
7,-0.304638,-1.315071,2.352062
8,-0.29563,0.563602,2.059924
9,-0.29563,0.563602,2.059924
10,-0.301034,-0.563602,2.041948
11,-0.29563,0.563602,2.059924
12,-0.301034,-0.563602,2.041948
