option,unit_value,decision,objective_contribution
x1,1.207932,0.0,0.0
x2,2.493452,0.0,0.0
x3,4.281708,0.0,0.0
x4,5.775669,2.41537,13.95038
