option,unit_value,decision,objective_contribution
x1,4.121719,0.0,0.0
x2,4.643366,0.0,0.0
x3,8.442367,0.762633,6.438425
x4,7.925869,0.0,0.0
x5,7.990851,0.0,0.0
x6,7.961641,3.160161,25.160071
