option,unit_value,decision,objective_contribution
x1,8.827983,0.0,0.0
x2,10.880629,0.0,0.0
x3,8.09119,0.0,0.0
x4,10.811203,3.369507,36.428426
x5,6.764741,0.062733,0.424375
x6,7.251473,0.0,0.0
