option,unit_value,decision,objective_contribution
x1,6.423908,0.38762,2.490037
x2,11.973254,2.292894,27.4534
x3,5.893152,0.0,0.0
x4,7.020071,0.0,0.0
x5,10.069828,1.205979,12.144003
x6,8.695976,0.0,0.0
