point_id,x,y,distance_to_fit_center
1,3.316552,-0.315292,2.558365
2,-0.280409,-0.181632,2.464305
3,-0.303812,-0.324405,2.580528
4,-0.302012,3.311769,2.565117
5,-0.300212,-0.181632,2.47879
6,-0.305613,-0.332,2.587182
7,-0.303632,-0.324405,2.580401
8,-0.305613,-0.332,2.587182
9,-0.302012,-0.328962,2.582489
10,-0.305613,-0.330481,2.586104
11,-0.305613,-0.332,2.587182
12,-0.302012,-0.328962,2.582489
