av_share,capacity_multiplier,mean_vc_ratio,congested_segment_share_vc_gt_1,total_peak_vehicle_hours,vehicle_hours_saved_vs_baseline,median_speed_mph
0.0,1.0,0.858012,0.330357,19781.936124,0.0,55.335212
0.1,1.0345,0.829398,0.276786,19418.392267,363.543857,55.886466
0.5,1.3625,0.629734,0.066964,17747.961637,2033.974487,58.56735
0.9,1.9945,0.430189,0.0,17097.567118,2684.369005,59.682065
