turbine_id,phase,sample_count,mean_wind_speed_mps,p50_wind_speed_mps,p90_wind_speed_mps
4,一期,3650,6.287167,5.9,10.5
16,一期,3650,6.035063,5.5,10.4
24,一期,3650,5.698683,5.3,9.9
33,二期,3650,5.61617,5.2,9.7
49,二期,3650,6.058145,5.7,10.4
57,二期,3650,6.194822,5.6,10.9
