option,unit_value,decision,objective_contribution
x1,4.815327,0.0,0.0
x2,13.096904,2.094851,27.436066
x3,1.126053,0.0,0.0
x4,1.114092,0.0,0.0
