x,observed_y,predicted_y,residual
2016.0,2.0,2.0,-0.0
7.0,7.0,6.998675,0.001325
6.0,6.0,6.000949,-0.000949
3.0,3.0,3.001799,-0.001799
7.0,7.0,6.998675,0.001325
4.0,4.0,4.002511,-0.002511
1.0,1.0,0.99739,0.00261
