start_age,retirement_age,contribution_years,avg_contribution_index,basic_pension_annual,personal_pension_annual,annual_pension_at_retirement,replacement_rate
30,55,25,1.139455,33910.64,10665.44,44576.08,0.308519
30,60,30,1.142053,58617.19,21829.57,80446.76,0.386117
30,65,35,1.143909,95274.4,47828.11,143102.51,0.492634
40,55,15,1.216032,8538.57,3026.23,11564.8,0.185117
40,60,20,1.200784,18448.05,7241.36,25689.41,0.255221
40,65,25,1.191636,34737.7,17858.42,52596.12,0.348087
