frequency_bin,amplitude
1,14515.818864
2,7258.286605
3,4839.276864
4,3629.897806
5,2904.371078
6,2420.770579
7,2075.413706
8,1816.459166
