alpha_gold,alpha_bitcoin,final_value,total_return_percent,trade_count
0.01,0.0,73117.910721,7211.791072,1
0.01,0.01,73108.110721,7210.811072,1
0.01,0.02,73098.310721,7209.831072,1
0.01,0.04,71720.870017,7072.087002,1
0.01,0.08,69064.541498,6806.45415,1
0.01,0.12,66597.95073,6559.795073,1
