pollutant,mae_before,mae_after,rmse_before,rmse_after,r2_after,improvement_percent
PM2.5,9.152579,9.582832,12.047841,11.74776,0.614796,-4.700898
PM10,22.491454,19.431258,28.031337,24.016736,0.364512,13.606037
CO,0.342173,0.260906,0.426043,0.314553,0.0141,23.750168
NO2,20.774242,11.799565,27.041428,15.201003,0.515605,43.200984
SO2,7.11213,7.227893,9.689867,9.690525,0.059052,-1.627677
O3,29.56214,24.645412,37.592798,32.201368,0.708517,16.631839
