option,unit_value,decision,objective_contribution
x1,6.088873,0.0,0.0
x2,6.812763,0.0,0.0
x3,6.46043,0.0,0.0
x4,10.413321,1.978862,20.606523
x5,4.596587,0.0,0.0
x6,4.348358,0.0,0.0
