option,unit_value,decision,objective_contribution
x1,1.20414,0.0,0.0
x2,2.377483,0.0,0.0
x3,4.005542,0.0,0.0
x4,6.381631,2.426458,15.484762
