option,unit_value,decision,objective_contribution
x1,1.361892,0.0,0.0
x2,1.338483,0.0,0.0
x3,2.612402,0.0,0.0
x4,3.631174,2.650581,9.624719
