option,unit_value,decision,objective_contribution
x1,1.234664,0.0,0.0
x2,1.397045,0.0,0.0
x3,1.558224,0.0,0.0
x4,2.021254,2.32524,4.699899
