option,unit_value,decision,objective_contribution
x1,5.061755,0.911748,4.615044
x2,7.839126,0.0,0.0
x3,8.590897,0.0,0.0
x4,8.492305,1.569771,13.330973
x5,5.814341,0.0,0.0
x6,8.060578,1.025345,8.264872
