option,unit_value,decision,objective_contribution
x1,8.252145,0.0,0.0
x2,6.205451,0.0,0.0
x3,7.582555,0.0,0.0
x4,4.872962,0.0,0.0
x5,11.744807,3.081635,36.19321
x6,10.77182,0.0,0.0
