option,unit_value,decision,objective_contribution
x1,1.155744,0.0,0.0
x2,1.497912,0.0,0.0
x3,2.687094,2.31587,6.222961
x4,2.568219,0.0,0.0
