option,unit_value,decision,objective_contribution
x1,1.155671,0.0,0.0
x2,1.497912,0.0,0.0
x3,2.687094,2.315151,6.221029
x4,2.514598,0.0,0.0
