state,year,baseline_renewable_share,compact_target_share,required_gap
AZ,2025,0.025953,0.089027,0.063074
CA,2025,0.082612,0.089027,0.006415
NM,2025,0.067057,0.089027,0.02197
TX,2025,0.029067,0.089027,0.05996
AZ,2050,0.0,0.137493,0.137493
CA,2050,0.070503,0.137493,0.06699
NM,2050,0.110853,0.137493,0.02664
TX,2050,0.044482,0.137493,0.093011
