state,year,renewable_consumption,renewable_production,total_consumption,total_production,population,hydro,wind,solar,geothermal,biomass,state_name,renewable_consumption_share,renewable_production_share,energy_consumption_per_capita_mmbtu,renewable_consumption_per_capita_mmbtu,nonhydro_renewable_consumption,nonhydro_renewable_share,clean_profile_score
CA,2009,712704.4602,635062.3653,8005515.051,2605311.838,36887.615,272187.2346,56996.57722,31397.00543,127461.1205,224662.5224,California,0.08902668418704344,0.24375675726692028,217.02446880884006,19.320968845505462,440517.22555,0.055026718798682824,0.8749999999999999
NM,2009,35635.38371,33785.17435,670094.5064,2412219.049,2007.315,2644.59888,15095.96768,282.52701,317.06702,17295.22312,New Mexico,0.0531796386474599,0.014005848417458543,333.82628356785057,17.75276113116277,32990.78483,0.04923303282583067,0.4875
AZ,2009,103493.2854,88571.38442,1454313.457,570994.0459,6587.653,62730.8872,288.3592,4732.12723,329.09862,35412.81309,Arizona,0.07116298408837456,0.1551178774209351,220.76351881314937,15.710190776593727,40762.398140000005,0.028028619238720284,0.45
TX,2009,356634.8206,303697.0626,11297410.59,11914996.72,24770.651,10039.69525,195454.7653,819.76122,2057.02446,148263.5744,Texas,0.03156783740476586,0.0254886400505866,456.0804877514119,14.39747468082288,346595.12538,0.030679165160801682,0.18749999999999997
