option,unit_value,decision,objective_contribution
x1,8.720821,0.198238,1.728799
x2,6.358225,0.0,0.0
x3,7.991018,1.802039,14.400128
x4,5.546575,0.0,0.0
x5,9.164052,1.25728,11.521784
x6,10.163786,0.0,0.0
