pitch_m,clearance_m
0.3,-4e-06
0.4,0.100372
0.5,0.204154
0.6,0.303713
0.7,0.405671
0.8,0.50259
0.9,0.599897
1.0,0.701344
1.1,0.800272
1.2,0.900234
1.3,0.999794
1.4,1.099371
1.5,1.199416
1.6,1.299508
1.7,1.399053
1.8,1.50332
1.9,1.597299
2.0,1.699989
2.1,1.821066
2.2,1.898301
2.3,1.999829
2.4,2.095463
