option,unit_value,decision,objective_contribution
x1,10.994592,0.0,0.0
x2,6.699974,0.0,0.0
x3,10.831452,0.512962,5.556124
x4,6.658266,0.0,0.0
x5,11.961411,2.465075,29.485771
x6,4.953916,0.0,0.0
