option,unit_value,decision,objective_contribution
x1,4.631043,0.0,0.0
x2,7.952931,0.0,0.0
x3,9.08905,0.755004,6.862269
x4,5.902492,0.0,0.0
x5,5.493476,1.12095,6.15791
x6,8.083966,1.3126,10.611014
