x,observed_y,predicted_y,residual
0.0,-800.0,-726.372727,-73.627273
1.0,70.0,-126.339394,196.339394
4.0,-242.333333,-266.875758,24.542424
2.0,3.0,150.254545,-147.254545
