option,unit_value,decision,objective_contribution
x1,1.215824,0.0,0.0
x2,1.357301,0.0,0.0
x3,3.105141,2.425123,7.530348
x4,2.92535,0.0,0.0
