case,mode,finished_count,fault_count,scrap_count,efficiency,rgv_busy_rate,last_unload_start_s,stage1_cnc,stage2_cnc
1,single_process,376,4,4,0.914842,0.595,28757.0,,
1,two_process,245,7,7,0.850694,0.795764,28769.030141,"1,3,5,7","2,4,6,8"
2,single_process,369,0,0,0.929471,0.634236,28678.0,,
2,two_process,202,10,10,0.878261,0.897465,28775.326307,"1,2,7,8","3,4,5,6"
3,single_process,384,5,5,0.909953,0.663646,28791.109077,,
3,two_process,224,4,4,0.885375,0.978264,28796.398507,"2,5,6,8","1,3,4,7"
