option,score,rank
1,0.30758,6
2,0.494387,2
3,0.353395,5
4,0.36748,4
5,0.426145,3
6,0.753105,1
7,0.248525,7
