option,unit_value,decision,objective_contribution
x1,4.121389,0.0,0.0
x2,10.565972,1.381267,14.594432
x3,9.396196,0.0,0.0
x4,11.959021,1.49351,17.860918
x5,7.965161,0.0,0.0
x6,8.456201,0.0,0.0
