option,unit_value,decision,objective_contribution
x1,8.739681,0.0,0.0
x2,9.130247,0.0,0.0
x3,8.958385,0.0,0.0
x4,7.012666,0.0,0.0
x5,8.321265,0.641828,5.34082
x6,11.432801,2.463649,28.166413
