option,unit_value,decision,objective_contribution
x1,1.197713,0.0,0.0
x2,1.821336,0.0,0.0
x3,1.810217,0.0,0.0
x4,2.00785,2.529131,5.078117
