point_id,x,y,distance_to_fit_center
1,2.449479,-1.016001,1.708371
2,-0.404931,1.206501,1.909257
3,-0.406352,0.762001,1.673808
4,-0.410615,-0.571501,1.625343
5,-0.404931,1.206501,1.909257
6,-0.409194,-0.127,1.516533
7,-0.413456,-1.460501,2.123904
