point_id,x,y,distance_to_fit_center
1,3.464024,-0.300447,2.652338
2,-0.266435,-0.16191,2.552758
3,-0.290707,-0.309893,2.673199
4,-0.28884,3.458958,2.659673
5,-0.286973,-0.16191,2.567786
6,-0.292574,-0.317764,2.680095
7,-0.29052,-0.309893,2.673067
8,-0.292574,-0.317764,2.680095
9,-0.28884,-0.314616,2.675229
10,-0.292574,-0.31619,2.678978
11,-0.292574,-0.317764,2.680095
12,-0.28884,-0.314616,2.675229
13,-0.292574,-0.31619,2.678978
