option,score,rank
1,0.435249,3
2,0.297741,6
3,0.368314,5
4,0.578679,2
5,0.664767,1
6,0.396939,4
7,0.120209,7
