x,observed_y,predicted_y,residual
1.0,5.0,3.565851,1.434149
2017.0,1.0,1.000003,-3e-06
1.0,5.0,3.565851,1.434149
1.1,1.0,3.615236,-2.615236
6.0,6.0,6.029074,-0.029074
7.0,7.0,6.520245,0.479755
2.1,2.0,4.108814,-2.108814
6.0,6.0,6.029074,-0.029074
1.0,5.0,3.565851,1.434149
