No,predicted_Class,class_confidence,predicted_OP,op_confidence
94,A,1.0,5,0.606667
109,A,1.0,3,0.683333
140,A,1.0,1,0.696667
278,C,1.0,1,0.73
308,C,0.993333,3,0.973333
330,C,1.0,4,0.893333
347,B,1.0,11,0.836667
