option,unit_value,decision,objective_contribution
x1,3.706775,4.282361,15.873751
x2,2.271673,0.0,0.0
x3,3.141882,0.0,0.0
x4,5.455402,0.0,0.0
