option,unit_value,decision,objective_contribution
x1,9.410733,0.0,0.0
x2,10.34958,0.875178,9.057724
x3,4.959266,0.0,0.0
x4,4.67252,0.0,0.0
x5,5.545207,0.0,0.0
x6,7.748048,2.690659,20.847354
