option,unit_value,decision,objective_contribution
x1,6.601737,0.0,0.0
x2,9.762909,0.0,0.0
x3,7.080781,0.0,0.0
x4,9.570744,0.0,0.0
x5,10.931499,1.99337,21.79052
x6,11.696307,1.24856,14.603536
