option,unit_value,decision,objective_contribution
x1,2.694355,1.474718,3.973414
x2,2.884828,0.0,0.0
x3,2.240843,0.0,0.0
x4,2.248608,0.801792,1.802915
