option,unit_value,decision,objective_contribution
x1,3.803863,4.530565,17.233648
x2,2.216727,0.0,0.0
x3,3.25514,0.0,0.0
x4,5.200594,0.0,0.0
