option,unit_value,decision,objective_contribution
x1,2.732954,0.0,0.0
x2,5.788479,3.550469,20.551816
x3,4.923279,0.0,0.0
x4,3.601413,0.0,0.0
