option,unit_value,decision,objective_contribution
x1,1.207932,0.0,0.0
x2,2.518211,0.0,0.0
x3,4.193864,0.0,0.0
x4,5.775669,2.415836,13.953071
