option,unit_value,decision,objective_contribution
x1,4.939886,0.0,0.0
x2,6.375956,0.652559,4.160687
x3,6.137914,0.133506,0.819447
x4,6.561955,0.0,0.0
x5,10.544595,2.355178,24.834395
x6,5.640165,0.0,0.0
