option,unit_value,decision,objective_contribution
x1,1.318789,0.0,0.0
x2,4.33951,3.344825,14.5149
x3,2.433515,0.0,0.0
x4,2.375062,0.0,0.0
