option,unit_value,decision,objective_contribution
x1,4.392887,0.0,0.0
x2,6.528011,0.0,0.0
x3,5.351253,0.0,0.0
x4,10.757097,4.1868,45.037817
x5,9.970373,0.0,0.0
x6,7.988941,0.0,0.0
