concentration_ppm,sample_count,mean_loo_error_ppm,mae_ppm,rmse_ppm
0.0,5,3.46628,3.46628,5.48067
20.0,3,-2.862688,5.33386,7.296168
30.0,4,-3.38305,3.38305,3.649208
50.0,3,19.542306,19.542306,20.182006
80.0,3,4.068522,4.282372,6.62093
100.0,3,-4.76733,4.76733,4.799827
150.0,4,-10.358816,13.455566,14.355003
