option,unit_value,decision,objective_contribution
x1,8.216376,0.0,0.0
x2,10.45794,1.271817,13.300588
x3,8.661645,0.0,0.0
x4,9.789603,0.981063,9.604218
x5,9.539384,2.28341,21.782326
x6,7.941429,0.0,0.0
