parameter_change,mean_shadow_length_change_m,max_abs_change_m
纬度+1度,0.163741,0.229405
纬度-1度,-0.155631,0.216034
经度+1度,0.003933,0.203755
经度-1度,0.000461,0.194232
日期+7天,0.428622,0.717764
日期-7天,-0.404827,0.67599
杆高+0.5米,0.797485,1.172756
