option,unit_value,decision,objective_contribution
x1,1.207984,0.0,0.0
x2,2.538199,0.0,0.0
x3,3.792848,0.0,0.0
x4,5.641036,2.415571,13.626322
