option,unit_value,decision,objective_contribution
x1,1.219043,0.0,0.0
x2,1.499886,0.0,0.0
x3,1.683268,2.329794,3.921668
x4,1.597081,0.0,0.0
