No,predicted_OP,confidence
4,17,0.696667
15,11,0.853333
22,1,0.73
30,2,0.9
34,16,0.926667
45,3,0.616667
74,4,0.956667
114,10,0.923333
170,9,0.89
209,14,0.83
