x,observed_y,predicted_y,residual
1.0,8.0,5.752328,2.247672
3.0,1.0,1.91059,-0.91059
2.0,1.0,3.171082,-2.171082
1.0,3.0,5.752328,-2.752328
1.0,3.0,5.752328,-2.752328
2.0,4.0,3.171082,0.828918
6.0,6.0,6.053639,-0.053639
3.0,3.0,1.91059,1.08941
6.0,6.0,6.053639,-0.053639
3.0,3.0,1.91059,1.08941
1.0,10.0,5.752328,4.247672
3.1,1.0,1.857182,-0.857182
3.2,2.0,1.816982,0.183018
2.0,2.0,3.171082,-1.171082
3.0,3.0,1.91059,1.08941
6.0,6.0,6.053639,-0.053639
