frequency_bin,amplitude
1,8350.455023
2,4186.760844
3,2806.391971
4,2125.452757
5,1731.030143
6,1489.231162
7,1304.123165
10,1045.149258
