option,unit_value,decision,objective_contribution
x1,4.766177,0.0,0.0
x2,11.049419,1.237418,13.672753
x3,11.058812,0.0,0.0
x4,8.836138,0.424482,3.750778
x5,10.981918,0.0,0.0
x6,11.354435,1.497993,17.008867
