current_a,sample_count,end_time_min,mre_percent
20,1883,3764.0,1.482488
30,1228,2454.0,0.084966
40,863,1724.0,0.293667
50,655,1308.0,0.556844
60,523,1044.0,0.862463
70,432,862.0,1.075716
80,366,730.0,1.27383
90,311,620.0,1.808533
100,270,538.0,2.037544
