option,unit_value,decision,objective_contribution
x1,2.734126,0.0,0.0
x2,94.765999,0.0,0.0
x3,305.686928,2.673079,817.125412
x4,16.323663,0.0,0.0
