option,unit_value,decision,objective_contribution
x1,2.733884,0.0,0.0
x2,2.636419,0.0,0.0
x3,2.636149,0.0,0.0
x4,7.058437,1.689162,11.922847
