option,unit_value,decision,objective_contribution
x1,5.491339,0.0,0.0
x2,9.86631,0.6317,6.232551
x3,4.432636,0.0,0.0
x4,10.167956,0.993514,10.10201
x5,9.341366,0.0,0.0
x6,8.154175,1.291302,10.529499
