x,observed_y,predicted_y,residual
1.0,5.0,3.168266,1.831734
2017.0,1.0,1.000003,-3e-06
1.0,5.0,3.168266,1.831734
1.1,1.0,3.225513,-2.225513
6.0,6.0,6.023639,-0.023639
7.0,7.0,6.593006,0.406994
2.1,2.0,3.797669,-1.797669
6.0,6.0,6.023639,-0.023639
