option,unit_value,decision,objective_contribution
x1,8.3758,0.0,0.0
x2,9.43205,1.196302,11.283579
x3,9.214927,0.0,0.0
x4,5.602656,0.0,0.0
x5,6.859858,1.47283,10.103406
x6,6.797095,1.059586,7.202107
