option,unit_value,decision,objective_contribution
x1,1.288095,0.0,0.0
x2,1.871084,0.0,0.0
x3,2.479763,0.0,0.0
x4,29.615264,2.732711,80.929948
