x,observed_y,predicted_y,residual
1.0,2.0,1.783592,0.216408
7.0,7.0,6.913572,0.086428
9.0,9.0,9.139433,-0.139433
6.0,6.0,5.897367,0.102633
3.0,3.0,3.235652,-0.235652
6.0,6.0,5.897367,0.102633
6.0,6.0,5.897367,0.102633
3.0,3.0,3.235652,-0.235652
