t,observed,fitted,type
1,4.0,0.357143,history
2,1.0,2.0,history
3,2.0,3.642857,history
4,3.0,5.285714,history
5,4.0,6.928571,history
6,11.0,8.571429,history
7,12.0,10.214286,history
49,,79.214286,forecast
50,,80.857143,forecast
51,,82.5,forecast
52,,84.142857,forecast
53,,85.785714,forecast
54,,87.428571,forecast
55,,89.071429,forecast
56,,90.714286,forecast
57,,92.357143,forecast
58,,94.0,forecast
59,,95.642857,forecast
60,,97.285714,forecast
